Workbook

Sheet Tab Geral
A1: Empresa: | B1: Antares Engenharia Ltda
A2: Obra: | B2: Comfort Tag Flat
A3: Endereço: | B3: Setor Hoteleiro - Projeção D
A4: Cidade: | B4: Taguatinga / DF
E5: LEVANTAMENTO DOS MATERIAIS PARA TETO
A6: Local | B6: Area | C6: Guia | D6: F47 | E6: Tirante | F6: Sp. Niv. | G6: T25 | H6: MM | I6: Massa | J6: Fita
B7: (m2) | C7: (ml) | D7: (ml) | E7: (und) | F7: (und) | G7: (und) | H7: (und) | I7: (kg) | J7: (ml)
A8: Total Geral | B8: =SUM(B9:B30) -> 602.6802 | C8: =SUM(C9:C30) -> 550.12 | D8: =SUM(D9:D30) -> 1457.5231 | E8: =SUM(E9:E30) -> 1217.414 | F8: =SUM(F9:F30) -> 1217.414 | G8: =SUM(G9:G30) -> 9040.203 | H8: =SUM(H9:H30) -> 180.80406 | I8: =SUM(I9:I30) -> 271.20609 | J8: =SUM(J9:J30) -> 843.75228
A9: ='Tab1'!$B$4 -> Park Way | B9: ='Tab1'!$J$3 -> 241.5725 | C9: ='Tab1'!$J$4 -> 311.82 | D9: ='Tab1'!$J$5 -> 503.27604 | E9: =B9*2.02 -> 487.97645 | F9: =E9 -> 487.97645 | G9: =B9*15 -> 3623.5875 | H9: =G9*0.02 -> 72.47175 | I9: =B9*0.45 -> 108.70762 | J9: =B9*1.4 -> 338.2015
A10: ='Tab2'!$B$4 -> Corpo de bombeiros | B10: ='Tab2'!$J$3 -> 272.86 | C10: ='Tab2'!$J$4 -> 162 | D10: ='Tab2'!$J$5 -> 682.15 | E10: =B10*2.02 -> 551.1772 | F10: =E10 -> 551.1772 | G10: =B10*15 -> 4092.9 | H10: =G10*0.02 -> 81.858 | I10: =B10*0.45 -> 122.787 | J10: =B10*1.4 -> 382.004
A11: ='Tab3'!$B$4 -> 1 ao 8 pav apts 9, 10, 11 | B11: ='Tab3'!$J$3 -> 0 | C11: ='Tab3'!$J$4 -> 0 | D11: ='Tab3'!$J$5 -> 0 | E11: =B11*2.02 -> 0 | F11: =E11 -> 0 | G11: =B11*15 -> 0 | H11: =G11*0.02 -> 0 | I11: =B11*0.45 -> 0 | J11: =B11*1.4 -> 0
A12: ='Tab4'!$B$4 -> 9 pav apts 1,2,16,17 | B12: ='Tab4'!$J$3 -> 0 | C12: ='Tab4'!$J$4 -> 0 | D12: ='Tab4'!$J$5 -> 0 | E12: =B12*2.02 -> 0 | F12: =E12 -> 0 | G12: =B12*15 -> 0 | H12: =G12*0.02 -> 0 | I12: =B12*0.45 -> 0 | J12: =B12*1.4 -> 0
A13: ='Tab5'!$B$4 -> 9 pav aptos 3,4,12 | B13: ='Tab5'!$J$3 -> 0 | C13: ='Tab5'!$J$4 -> 0 | D13: ='Tab5'!$J$5 -> 0 | E13: =B13*2.02 -> 0 | F13: =E13 -> 0 | G13: =B13*15 -> 0 | H13: =G13*0.02 -> 0 | I13: =B13*0.45 -> 0 | J13: =B13*1.4 -> 0
A14: ='Tab6'!$B$4 -> 9 pav aptos 5a10, 13a15 | B14: ='Tab6'!$J$3 -> 0 | C14: ='Tab6'!$J$4 -> 0 | D14: ='Tab6'!$J$5 -> 0 | E14: =B14*2.02 -> 0 | F14: =E14 -> 0 | G14: =B14*15 -> 0 | H14: =G14*0.02 -> 0 | I14: =B14*0.45 -> 0 | J14: =B14*1.4 -> 0
A15: ='Tab7'!$B$4 -> 9 pav aptos 11 | B15: ='Tab7'!$J$3 -> 0 | C15: ='Tab7'!$J$4 -> 0 | D15: ='Tab7'!$J$5 -> 0 | E15: =B15*2.02 -> 0 | F15: =E15 -> 0 | G15: =B15*15 -> 0 | H15: =G15*0.02 -> 0 | I15: =B15*0.45 -> 0 | J15: =B15*1.4 -> 0
A16: ='Tab8'!$B$4 -> Corredor | B16: ='Tab8'!$J$3 -> 0 | C16: ='Tab8'!$J$4 -> 0 | D16: ='Tab8'!$J$5 -> 0 | E16: =B16*2.02 -> 0 | F16: =E16 -> 0 | G16: =B16*15 -> 0 | H16: =G16*0.02 -> 0 | I16: =B16*0.45 -> 0 | J16: =B16*1.4 -> 0
A17: ='Tab9'!$B$4 -> Corredor | B17: ='Tab9'!$J$3 -> 0 | C17: ='Tab9'!$J$4 -> 0 | D17: ='Tab9'!$J$5 -> 0 | E17: =B17*2.02 -> 0 | F17: =E17 -> 0 | G17: =B17*15 -> 0 | H17: =G17*0.02 -> 0 | I17: =B17*0.45 -> 0 | J17: =B17*1.4 -> 0
A18: ='Tab10'!$B$4 -> Corredor | B18: ='Tab10'!$J$3 -> 88.2477 | C18: ='Tab10'!$J$4 -> 76.3 | D18: ='Tab10'!$J$5 -> 272.09708 | E18: =B18*2.02 -> 178.26035 | F18: =E18 -> 178.26035 | G18: =B18*15 -> 1323.7155 | H18: =G18*0.02 -> 26.47431 | I18: =B18*0.45 -> 39.711465 | J18: =B18*1.4 -> 123.54678

Sheet Tab1
A2: Emp.: | B2: ='Tab Geral'!B1 -> Antares Engenharia Ltda | E2: Espçto | F2: 0.48 | I2: Pav. | J2: Total
A3: Obr.: | B3: comfort Tag Flat | E3: Coef. | F3: 0 | H3: Área | I3: =SUM(J8:J47)*(1+1*$F$3)*F5 -> 241.5725 | J3: =I3*$F$4 -> 241.5725
A4: Loc.: | B4: Park Way | E4: Qtd. Pav. | F4: 1 | H4: Guias | I4: =SUM(F8:F47)*(1+1*$F$3)*F5 -> 311.82 | J4: =I4*$F$4 -> 311.82
E5: Qtd. Und. | F5: 1 | H5: F47 | I5: =SUM(H8:H47)*(1+1*$F$3)*F5 -> 503.27604 | J5: =I5*$F$4 -> 503.27604
C6: ll F47 | D6: T F47 | H6: F47
A7: # | B7: Local | C7: Lado1 | D7: Lado2 | E7: Subtr. | F7: Perimetro | G7: Spc | H7: ml | I7: unid. | J7: Área
A8: 1 | C8: 2.9 | D8: 2.4 | E8: 0 | F8: =((C8+D8)*2)-E8 -> 10.6 | G8: =IF(F8>0,$F$2,0) -> 0.48 | H8: =IF(G8=0,0,(D8/G8)*C8) -> 14.5 | I8: =H8/3 -> 4.8333333 | J8: =C8*D8 -> 6.96
A9: 2 | C9: 2 | D9: 1 | E9: 0 | F9: =((C9+D9)*2)-E9 -> 6 | G9: =IF(F9>0,$F$2,0) -> 0.48 | H9: =IF(G9=0,0,(D9/G9)*C9) -> 4.1666667 | I9: =H9/3 -> 1.3888889 | J9: =C9*D9 -> 2
A10: 3 | C10: 2 | D10: 2.3 | E10: 0 | F10: =((C10+D10)*2)-E10 -> 8.6 | G10: =IF(F10>0,$F$2,0) -> 0.48 | H10: =IF(G10=0,0,(D10/G10)*C10) -> 9.5833333 | I10: =H10/3 -> 3.1944444 | J10: =C10*D10 -> 4.6
A11: 4 | C11: 2.7 | D11: 4.8 | E11: 0 | F11: =((C11+D11)*2)-E11 -> 15 | G11: =IF(F11>0,$F$2,0) -> 0.48 | H11: =IF(G11=0,0,(D11/G11)*C11) -> 27 | I11: =H11/3 -> 9 | J11: =C11*D11 -> 12.96
C12: 5.9 | D12: 5.5 | F12: =((C12+D12)*2)-E12 -> 22.8 | G12: =IF(F12>0,$F$2,0) -> 0.48 | H12: =IF(G12=0,0,(D12/G12)*C12) -> 67.604167 | I12: =H12/3 -> 22.534722 | J12: =C12*D12 -> 32.45
C13: 2.6 | D13: 2.17 | F13: =((C13+D13)*2)-E13 -> 9.54 | G13: =IF(F13>0,$F$2,0) -> 0.48 | H13: =IF(G13=0,0,(D13/G13)*C13) -> 11.754167 | I13: =H13/3 -> 3.9180556 | J13: =C13*D13 -> 5.642
C14: 2.4 | D14: 2.8 | F14: =((C14+D14)*2)-E14 -> 10.4 | G14: =IF(F14>0,$F$2,0) -> 0.48 | H14: =IF(G14=0,0,(D14/G14)*C14) -> 14 | I14: =H14/3 -> 4.6666667 | J14: =C14*D14 -> 6.72
C15: 1.2 | D15: 1.85 | F15: =((C15+D15)*2)-E15 -> 6.1 | G15: =IF(F15>0,$F$2,0) -> 0.48 | H15: =IF(G15=0,0,(D15/G15)*C15) -> 4.625 | I15: =H15/3 -> 1.5416667 | J15: =C15*D15 -> 2.22
C16: 2.3 | D16: 2.8 | F16: =((C16+D16)*2)-E16 -> 10.2 | G16: =IF(F16>0,$F$2,0) -> 0.48 | H16: =IF(G16=0,0,(D16/G16)*C16) -> 13.416667 | I16: =H16/3 -> 4.4722222 | J16: =C16*D16 -> 6.44
C17: 2.25 | D17: 2.25 | F17: =((C17+D17)*2)-E17 -> 9 | G17: =IF(F17>0,$F$2,0) -> 0.48 | H17: =IF(G17=0,0,(D17/G17)*C17) -> 10.546875 | I17: =H17/3 -> 3.515625 | J17: =C17*D17 -> 5.0625
C18: 1.8 | D18: 1.15 | F18: =((C18+D18)*2)-E18 -> 5.9 | G18: =IF(F18>0,$F$2,0) -> 0.48 | H18: =IF(G18=0,0,(D18/G18)*C18) -> 4.3125 | I18: =H18/3 -> 1.4375 | J18: =C18*D18 -> 2.07
C19: 3 | D19: 3.5 | F19: =((C19+D19)*2)-E19 -> 13 | G19: =IF(F19>0,$F$2,0) -> 0.48 | H19: =IF(G19=0,0,(D19/G19)*C19) -> 21.875 | I19: =H19/3 -> 7.2916667 | J19: =C19*D19 -> 10.5
C20: 4.4 | D20: 3 | F20: =((C20+D20)*2)-E20 -> 14.8 | G20: =IF(F20>0,$F$2,0) -> 0.48 | H20: =IF(G20=0,0,(D20/G20)*C20) -> 27.5 | I20: =H20/3 -> 9.1666667 | J20: =C20*D20 -> 13.2
C21: 3.3 | D21: 2.25 | F21: =((C21+D21)*2)-E21 -> 11.1 | G21: =IF(F21>0,$F$2,0) -> 0.48 | H21: =IF(G21=0,0,(D21/G21)*C21) -> 15.46875 | I21: =H21/3 -> 5.15625 | J21: =C21*D21 -> 7.425
C22: 5.7 | D22: 5.1 | F22: =((C22+D22)*2)-E22 -> 21.6 | G22: =IF(F22>0,$F$2,0) -> 0.48 | H22: =IF(G22=0,0,(D22/G22)*C22) -> 60.5625 | I22: =H22/3 -> 20.1875 | J22: =C22*D22 -> 29.07
C23: 3.3 | D23: 4.1 | F23: =((C23+D23)*2)-E23 -> 14.8 | G23: =IF(F23>0,$F$2,0) -> 0.48 | H23: =IF(G23=0,0,(D23/G23)*C23) -> 28.1875 | I23: =H23/3 -> 9.3958333 | J23: =C23*D23 -> 13.53
... C32: 0.2 | D32: 2.17 | F32: =((C32+D32)*2)-E32 -> 4.74 | G32: =IF(F32>0,$F$2,0) -> 0.48 | H32: =IF(G32=0,0,(D32/G32)*C32) -> 0.90416667 | I32: =H32/3 -> 0.30138889 | J32: =C32*D32 -> 0.434

Sheet Tab2
A2: Emp.: | B2: ='Tab Geral'!B1 -> Antares Engenharia Ltda | E2: Espçto | F2: 0.4 | I2: Pav. | J2: Total
A3: Obr.: | B3: Comfort Tag Flat | E3: Coef. | F3: 0 | H3: Área | I3: =SUM(J8:J58)*(1+1*$F$3)*F5 -> 272.86 | J3: =I3*$F$4 -> 272.86
A4: Loc.: | B4: Corpo de bombeiros | E4: Qtd. Pav. | F4: 1 | H4: Guias | I4: =SUM(F8:F58)*(1+1*$F$3)*F5 -> 162 | J4: =I4*$F$4 -> 162
E5: Qtd. Und. | F5: 1 | H5: F47 | I5: =SUM(H8:H18)*(1+1*$F$3)*F5 -> 682.15 | J5: =I5*$F$4 -> 682.15
C6: ll F47 | D6: T F47 | H6: F47
A7: # | B7: Local | C7: Lado1 | D7: Lado2 | E7: Subtr. | F7: Perimetro | G7: Spc | H7: ml | I7: unid. | J7: Área
A8: 1 | C8: 4 | D8: 15.8 | E8: 0 | F8: =((C8+D8)*2)-E8 -> 39.6 | G8: =IF(F8>0,$F$2,0) -> 0.4 | H8: =IF(G8=0,0,(D8/G8)*C8) -> 158 | I8: =H8/4 -> 39.5 | J8: =C8*D8 -> 63.2
A9: 2 | C9: 6.7 | D9: 19.4 | E9: 0 | F9: =((C9+D9)*2)-E9 -> 52.2 | G9: =IF(F9>0,$F$2,0) -> 0.4 | H9: =IF(G9=0,0,(D9/G9)*C9) -> 324.95 | I9: =H9/3 -> 108.31667 | J9: =C9*D9 -> 129.98
A10: 3 | C10: 4.1 | D10: 4.2 | E10: 0 | F10: =((C10+D10)*2)-E10 -> 16.6 | G10: =IF(F10>0,$F$2,0) -> 0.4 | H10: =IF(G10=0,0,(D10/G10)*C10) -> 43.05 | I10: =H10/4 -> 10.7625 | J10: =C10*D10 -> 17.22
A11: 4 | C11: 2.3 | D11: 4.3 | E11: 0 | F11: =((C11+D11)*2)-E11 -> 13.2 | G11: =IF(F11>0,$F$2,0) -> 0.4 | H11: =IF(G11=0,0,(D11/G11)*C11) -> 24.725 | I11: =H11/4 -> 6.18125 | J11: =C11*D11 -> 9.89
C12: 4 | D12: 4 | E12: 0 | F12: =((C12+D12)*2)-E12 -> 16 | G12: =IF(F12>0,$F$2,0) -> 0.4 | H12: =IF(G12=0,0,(D12/G12)*C12) -> 40 | I12: =H12/4 -> 10 | J12: =C12*D12 -> 16
B13: (3,4x3,4) | C13: 6.9 | D13: 5.3 | E13: 0 | F13: =((C13+D13)*2)-E13 -> 24.4 | G13: =IF(F13>0,$F$2,0) -> 0.4 | H13: =IF(G13=0,0,(D13/G13)*C13) -> 91.425 | I13: =H13/4 -> 22.85625 | J13: =C13*D13 -> 36.57
E14: 0 | F14: =((C14+D14)*2)-E14 -> 0 | G14: =IF(F14>0,$F$2,0) -> 0 | H14: =IF(G14=0,0,(D14/G14)*C14) -> 0 | I14: =H14/3 -> 0 | J14: =C14*D14 -> 0
F15: =((C15+D15)*2)-E15 -> 0 | G15: =IF(F15>0,$F$2,0) -> 0 | H15: =IF(G15=0,0,(D15/G15)*C15) -> 0 | I15: =H15/3 -> 0 | J15: =C15*D15 -> 0
F16: =((C16+D16)*2)-E16 -> 0 | G16: =IF(F16>0,$F$2,0) -> 0 | H16: =IF(G16=0,0,(D16/G16)*C16) -> 0 | I16: =H16/3 -> 0 | J16: =C16*D16 -> 0
F17: =((C17+D17)*2)-E17 -> 0 | G17: =IF(F17>0,$F$2,0) -> 0 | H17: =IF(G17=0,0,(D17/G17)*C17) -> 0 | I17: =H17/3 -> 0 | J17: =C17*D17 -> 0
F18: =((C18+D18)*2)-E18 -> 0 | G18: =IF(F18>0,$F$2,0) -> 0 | H18: =IF(G18=0,0,(D18/G18)*C18) -> 0 | I18: =H18/3 -> 0 | J18: =C18*D18 -> 0
F19: =((C19+D19)*2)-E19 -> 0 | G19: =IF(F19>0,$F$2,0) -> 0 | H19: =IF(G19=0,0,(D19/G19)*C19) -> 0 | I19: =H19/3 -> 0 | J19: =C19*D19 -> 0
F20: =((C20+D20)*2)-E20 -> 0 | G20: =IF(F20>0,$F$2,0) -> 0 | H20: =IF(G20=0,0,(D20/G20)*C20) -> 0 | I20: =H20/3 -> 0 | J20: =C20*D20 -> 0
F21: =((C21+D21)*2)-E21 -> 0 | G21: =IF(F21>0,$F$2,0) -> 0 | H21: =IF(G21=0,0,(D21/G21)*C21) -> 0 | I21: =H21/3 -> 0 | J21: =C21*D21 -> 0
F22: =((C22+D22)*2)-E22 -> 0 | G22: =IF(F22>0,$F$2,0) -> 0 | H22: =IF(G22=0,0,(D22/G22)*C22) -> 0 | I22: =H22/3 -> 0 | J22: =C22*D22 -> 0
F23: =((C23+D23)*2)-E23 -> 0 | G23: =IF(F23>0,$F$2,0) -> 0 | H23: =IF(G23=0,0,(D23/G23)*C23) -> 0 | I23: =H23/3 -> 0 | J23: =C23*D23 -> 0
F24: =((C24+D24)*2)-E24 -> 0 | G24: =IF(F24>0,$F$2,0) -> 0 | H24: =IF(G24=0,0,(D24/G24)*C24) -> 0 | I24: =H24/3 -> 0 | J24: =C24*D24 -> 0
F25: =((C25+D25)*2)-E25 -> 0 | G25: =IF(F25>0,$F$2,0) -> 0 | H25: =IF(G25=0,0,(D25/G25)*C25) -> 0 | I25: =H25/3 -> 0 | J25: =C25*D25 -> 0
F26: =((C26+D26)*2)-E26 -> 0 | G26: =IF(F26>0,$F$2,0) -> 0 | H26: =IF(G26=0,0,(D26/G26)*C26) -> 0 | I26: =H26/3 -> 0 | J26: =C26*D26 -> 0
... F58: =((C58+D58)*2)-E58 -> 0 | G58: =IF(F58>0,$F$2,0) -> 0 | H58: =IF(G58=0,0,(D58/G58)*C58) -> 0 | I58: =H58/3 -> 0 | J58: =C58*D58 -> 0

Sheet Tab3
A2: Emp.: | B2: ='Tab Geral'!B1 -> Antares Engenharia Ltda | E2: Espçto | F2: 0.48 | I2: Pav. | J2: Total
A3: Obr.: | B3: ='Tab Geral'!B2 -> Comfort Tag Flat | E3: Coef. | F3: 0.05 | H3: Área | I3: =SUM(J8:J47)*(1+1*$F$3)*F5 -> 0 | J3: =I3*$F$4 -> 0
A4: Loc.: | B4: 1 ao 8 pav apts 9, 10, 11 | E4: Qtd. Pav. | F4: 1 | H4: Guias | I4: =SUM(F8:F47)*(1+1*$F$3)*F5 -> 0 | J4: =I4*$F$4 -> 0
E5: Qtd. Und. | F5: 1 | H5: F47 | I5: =SUM(H8:H47)*(1+1*$F$3)*F5 -> 0 | J5: =I5*$F$4 -> 0
C6: ll F47 | D6: T F47 | H6: F47
A7: # | B7: Local | C7: Lado1 | D7: Lado2 | E7: Subtr. | F7: Perimetro | G7: Spc | H7: ml | I7: unid. | J7: Área
A8: 1 | C8: 0 | D8: 0 | E8: 0 | F8: =((C8+D8)*2)-E8 -> 0 | G8: =IF(F8>0,$F$2,0) -> 0 | H8: =IF(G8=0,0,(D8/G8)*C8) -> 0 | I8: =H8/3 -> 0 | J8: =C8*D8 -> 0
A9: 2 | C9: 0 | D9: 0 | E9: 0 | F9: =((C9+D9)*2)-E9 -> 0 | G9: =IF(F9>0,$F$2,0) -> 0 | H9: =IF(G9=0,0,(D9/G9)*C9) -> 0 | I9: =H9/3 -> 0 | J9: =C9*D9 -> 0
A10: 3 | C10: 0 | D10: 0 | E10: 0 | F10: =((C10+D10)*2)-E10 -> 0 | G10: =IF(F10>0,$F$2,0) -> 0 | H10: =IF(G10=0,0,(D10/G10)*C10) -> 0 | I10: =H10/3 -> 0 | J10: =C10*D10 -> 0
A11: 4 | C11: 0 | D11: 0 | E11: 0 | F11: =((C11+D11)*2)-E11 -> 0 | G11: =IF(F11>0,$F$2,0) -> 0 | H11: =IF(G11=0,0,(D11/G11)*C11) -> 0 | I11: =H11/3 -> 0 | J11: =C11*D11 -> 0

Sheet Tab4
A2: Emp.: | B2: ='Tab Geral'!B1 -> Antares Engenharia Ltda | E2: Espçto | F2: 0.48 | I2: Pav. | J2: Total
A3: Obr.: | B3: ='Tab Geral'!B2 -> Comfort Tag Flat | E3: Coef. | F3: 0.05 | H3: Área | I3: =SUM(J8:J47)*(1+1*$F$3)*F5 -> 0 | J3: =I3*$F$4 -> 0
A4: Loc.: | B4: 9 pav apts 1,2,16,17 | E4: Qtd. Pav. | F4: 1 | H4: Guias | I4: =SUM(F8:F47)*(1+1*$F$3)*F5 -> 0 | J4: =I4*$F$4 -> 0
E5: Qtd. Und. | F5: 1 | H5: F47 | I5: =SUM(H8:H47)*(1+1*$F$3)*F5 -> 0 | J5: =I5*$F$4 -> 0
C6: ll F47 | D6: T F47 | H6: F47
A7: # | B7: Local | C7: Lado1 | D7: Lado2 | E7: Subtr. | F7: Perimetro | G7: Spc | H7: ml | I7: unid. | J7: Área
A8: 1 | C8: 0 | D8: 0 | E8: 0 | F8: =((C8+D8)*2)-E8 -> 0 | G8: =IF(F8>0,$F$2,0) -> 0 | H8: =IF(G8=0,0,(D8/G8)*C8) -> 0 | I8: =H8/3 -> 0 | J8: =C8*D8 -> 0
A9: 2 | C9: 0 | D9: 0 | E9: 0 | F9: =((C9+D9)*2)-E9 -> 0 | G9: =IF(F9>0,$F$2,0) -> 0 | H9: =IF(G9=0,0,(D9/G9)*C9) -> 0 | I9: =H9/3 -> 0 | J9: =C9*D9 -> 0
A10: 3 | C10: 0 | D10: 0 | E10: 0 | F10: =((C10+D10)*2)-E10 -> 0 | G10: =IF(F10>0,$F$2,0) -> 0 | H10: =IF(G10=0,0,(D10/G10)*C10) -> 0 | I10: =H10/3 -> 0 | J10: =C10*D10 -> 0
A11: 4 | C11: 0 | D11: 0 | E11: 0 | F11: =((C11+D11)*2)-E11 -> 0 | G11: =IF(F11>0,$F$2,0) -> 0 | H11: =IF(G11=0,0,(D11/G11)*C11) -> 0 | I11: =H11/3 -> 0 | J11: =C11*D11 -> 0

Sheet Tab5
A2: Emp.: | B2: ='Tab Geral'!B1 -> Antares Engenharia Ltda | E2: Espçto | F2: 0.48 | I2: Pav. | J2: Total
A3: Obr.: | B3: ='Tab Geral'!B2 -> Comfort Tag Flat | E3: Coef. | F3: 0.05 | H3: Área | I3: =SUM(J8:J47)*(1+1*$F$3)*F5 -> 0 | J3: =I3*$F$4 -> 0
A4: Loc.: | B4: 9 pav aptos 3,4,12 | E4: Qtd. Pav. | F4: 1 | H4: Guias | I4: =SUM(F8:F47)*(1+1*$F$3)*F5 -> 0 | J4: =I4*$F$4 -> 0
E5: Qtd. Und. | F5: 1 | H5: F47 | I5: =SUM(H8:H47)*(1+1*$F$3)*F5 -> 0 | J5: =I5*$F$4 -> 0
C6: ll F47 | D6: T F47 | H6: F47
A7: # | B7: Local | C7: Lado1 | D7: Lado2 | E7: Subtr. | F7: Perimetro | G7: Spc | H7: ml | I7: unid. | J7: Área
A8: 1 | C8: 0 | D8: 0 | E8: 0 | F8: =((C8+D8)*2)-E8 -> 0 | G8: =IF(F8>0,$F$2,0) -> 0 | H8: =IF(G8=0,0,(D8/G8)*C8) -> 0 | I8: =H8/3 -> 0 | J8: =C8*D8 -> 0
A9: 2 | C9: 0 | D9: 0 | E9: 0 | F9: =((C9+D9)*2)-E9 -> 0 | G9: =IF(F9>0,$F$2,0) -> 0 | H9: =IF(G9=0,0,(D9/G9)*C9) -> 0 | I9: =H9/3 -> 0 | J9: =C9*D9 -> 0
A10: 3 | C10: 0 | D10: 0 | E10: 0 | F10: =((C10+D10)*2)-E10 -> 0 | G10: =IF(F10>0,$F$2,0) -> 0 | H10: =IF(G10=0,0,(D10/G10)*C10) -> 0 | I10: =H10/3 -> 0 | J10: =C10*D10 -> 0
A11: 4 | C11: 0 | D11: 0 | E11: 0 | F11: =((C11+D11)*2)-E11 -> 0 | G11: =IF(F11>0,$F$2,0) -> 0 | H11: =IF(G11=0,0,(D11/G11)*C11) -> 0 | I11: =H11/3 -> 0 | J11: =C11*D11 -> 0
A12: 5 | C12: 0 | D12: 0 | E12: 0 | F12: =((C12+D12)*2)-E12 -> 0 | G12: =IF(F12>0,$F$2,0) -> 0 | H12: =IF(G12=0,0,(D12/G12)*C12) -> 0 | I12: =H12/3 -> 0 | J12: =C12*D12 -> 0

Sheet Tab6
A2: Emp.: | B2: ='Tab Geral'!B1 -> Antares Engenharia Ltda | E2: Espçto | F2: 0.48 | I2: Pav. | J2: Total
A3: Obr.: | B3: ='Tab Geral'!B2 -> Comfort Tag Flat | E3: Coef. | F3: 0.05 | H3: Área | I3: =SUM(J8:J47)*(1+1*$F$3)*F5 -> 0 | J3: =I3*$F$4 -> 0
A4: Loc.: | B4: 9 pav aptos 5a10, 13a15 | E4: Qtd. Pav. | F4: 1 | H4: Guias | I4: =SUM(F8:F47)*(1+1*$F$3)*F5 -> 0 | J4: =I4*$F$4 -> 0
E5: Qtd. Und. | F5: 1 | H5: F47 | I5: =SUM(H8:H47)*(1+1*$F$3)*F5 -> 0 | J5: =I5*$F$4 -> 0
C6: ll F47 | D6: T F47 | H6: F47
A7: # | B7: Local | C7: Lado1 | D7: Lado2 | E7: Subtr. | F7: Perimetro | G7: Spc | H7: ml | I7: unid. | J7: Área
A8: 1 | C8: 0 | D8: 0 | E8: 0 | F8: =((C8+D8)*2)-E8 -> 0 | G8: =IF(F8>0,$F$2,0) -> 0 | H8: =IF(G8=0,0,(D8/G8)*C8) -> 0 | I8: =H8/3 -> 0 | J8: =C8*D8 -> 0
A9: 2 | C9: 0 | D9: 0 | E9: 0 | F9: =((C9+D9)*2)-E9 -> 0 | G9: =IF(F9>0,$F$2,0) -> 0 | H9: =IF(G9=0,0,(D9/G9)*C9) -> 0 | I9: =H9/3 -> 0 | J9: =C9*D9 -> 0
A10: 3 | C10: 0 | D10: 0 | E10: 0 | F10: =((C10+D10)*2)-E10 -> 0 | G10: =IF(F10>0,$F$2,0) -> 0 | H10: =IF(G10=0,0,(D10/G10)*C10) -> 0 | I10: =H10/3 -> 0 | J10: =C10*D10 -> 0
A11: 4 | C11: 0 | D11: 0 | E11: 0 | F11: =((C11+D11)*2)-E11 -> 0 | G11: =IF(F11>0,$F$2,0) -> 0 | H11: =IF(G11=0,0,(D11/G11)*C11) -> 0 | I11: =H11/3 -> 0 | J11: =C11*D11 -> 0

Sheet Tab7
A2: Emp.: | B2: ='Tab Geral'!B1 -> Antares Engenharia Ltda | E2: Espçto | F2: 0.48 | I2: Pav. | J2: Total
A3: Obr.: | B3: ='Tab Geral'!B2 -> Comfort Tag Flat | E3: Coef. | F3: 0.05 | H3: Área | I3: =SUM(J8:J47)*(1+1*$F$3)*F5 -> 0 | J3: =I3*$F$4 -> 0
A4: Loc.: | B4: 9 pav aptos 11 | E4: Qtd. Pav. | F4: 1 | H4: Guias | I4: =SUM(F8:F47)*(1+1*$F$3)*F5 -> 0 | J4: =I4*$F$4 -> 0
E5: Qtd. Und. | F5: 1 | H5: F47 | I5: =SUM(H8:H47)*(1+1*$F$3)*F5 -> 0 | J5: =I5*$F$4 -> 0
C6: ll F47 | D6: T F47 | H6: F47
A7: # | B7: Local | C7: Lado1 | D7: Lado2 | E7: Subtr. | F7: Perimetro | G7: Spc | H7: ml | I7: unid. | J7: Área
A8: 1 | C8: 0 | D8: 0 | E8: 0 | F8: =((C8+D8)*2)-E8 -> 0 | G8: =IF(F8>0,$F$2,0) -> 0 | H8: =IF(G8=0,0,(D8/G8)*C8) -> 0 | I8: =H8/3 -> 0 | J8: =C8*D8 -> 0
A9: 2 | C9: 0 | D9: 0 | E9: 0 | F9: =((C9+D9)*2)-E9 -> 0 | G9: =IF(F9>0,$F$2,0) -> 0 | H9: =IF(G9=0,0,(D9/G9)*C9) -> 0 | I9: =H9/3 -> 0 | J9: =C9*D9 -> 0
A10: 3 | C10: 0 | D10: 0 | E10: 0 | F10: =((C10+D10)*2)-E10 -> 0 | G10: =IF(F10>0,$F$2,0) -> 0 | H10: =IF(G10=0,0,(D10/G10)*C10) -> 0 | I10: =H10/3 -> 0 | J10: =C10*D10 -> 0
A11: 4 | C11: 0 | D11: 0 | E11: 0 | F11: =((C11+D11)*2)-E11 -> 0 | G11: =IF(F11>0,$F$2,0) -> 0 | H11: =IF(G11=0,0,(D11/G11)*C11) -> 0 | I11: =H11/3 -> 0 | J11: =C11*D11 -> 0
A12: 5 | C12: 0 | D12: 0 | E12: 0 | F12: =((C12+D12)*2)-E12 -> 0 | G12: =IF(F12>0,$F$2,0) -> 0 | H12: =IF(G12=0,0,(D12/G12)*C12) -> 0 | I12: =H12/3 -> 0 | J12: =C12*D12 -> 0

Sheet Tab8
A2: Emp.: | B2: ='Tab Geral'!B1 -> Antares Engenharia Ltda | E2: Espçto | F2: 0.48 | I2: Pav. | J2: Total
A3: Obr.: | B3: ='Tab Geral'!B2 -> Comfort Tag Flat | E3: Coef. | F3: 0.05 | H3: Área | I3: =SUM(J8:J47)*(1+1*$F$3)*F5 -> 0 | J3: =I3*$F$4 -> 0
A4: Loc.: | B4: Corredor | E4: Qtd. Pav. | F4: 1 | H4: Guias | I4: =SUM(F8:F47)*(1+1*$F$3)*F5 -> 0 | J4: =I4*$F$4 -> 0
E5: Qtd. Und. | F5: 1 | H5: F47 | I5: =SUM(H8:H47)*(1+1*$F$3)*F5 -> 0 | J5: =I5*$F$4 -> 0
C6: ll F47 | D6: T F47 | H6: F47
A7: # | B7: Local | C7: Lado1 | D7: Lado2 | E7: Subtr. | F7: Perimetro | G7: Spc | H7: ml | I7: unid. | J7: Área
A8: 1 | C8: 0 | D8: 0 | E8: 0 | F8: =((C8+D8)*2)-E8 -> 0 | G8: =IF(F8>0,$F$2,0) -> 0 | H8: =IF(G8=0,0,(D8/G8)*C8) -> 0 | I8: =H8/3 -> 0 | J8: =C8*D8 -> 0
A9: 2 | C9: 0 | D9: 0 | E9: 0 | F9: =((C9+D9)*2)-E9 -> 0 | G9: =IF(F9>0,$F$2,0) -> 0 | H9: =IF(G9=0,0,(D9/G9)*C9) -> 0 | I9: =H9/3 -> 0 | J9: =C9*D9 -> 0
A10: 3 | C10: 0 | D10: 0 | E10: 0 | F10: =((C10+D10)*2)-E10 -> 0 | G10: =IF(F10>0,$F$2,0) -> 0 | H10: =IF(G10=0,0,(D10/G10)*C10) -> 0 | I10: =H10/3 -> 0 | J10: =C10*D10 -> 0
A11: 4 | C11: 0 | D11: 0 | E11: 0 | F11: =((C11+D11)*2)-E11 -> 0 | G11: =IF(F11>0,$F$2,0) -> 0 | H11: =IF(G11=0,0,(D11/G11)*C11) -> 0 | I11: =H11/3 -> 0 | J11: =C11*D11 -> 0
A12: 5 | C12: 0 | D12: 0 | E12: 0 | F12: =((C12+D12)*2)-E12 -> 0 | G12: =IF(F12>0,$F$2,0) -> 0 | H12: =IF(G12=0,0,(D12/G12)*C12) -> 0 | I12: =H12/3 -> 0 | J12: =C12*D12 -> 0
A13: 6 | C13: 0 | D13: 0 | E13: 0 | F13: =((C13+D13)*2)-E13 -> 0 | G13: =IF(F13>0,$F$2,0) -> 0 | H13: =IF(G13=0,0,(D13/G13)*C13) -> 0 | I13: =H13/3 -> 0 | J13: =C13*D13 -> 0
A14: 7 | C14: 0 | D14: 0 | E14: 0 | F14: =((C14+D14)*2)-E14 -> 0 | G14: =IF(F14>0,$F$2,0) -> 0 | H14: =IF(G14=0,0,(D14/G14)*C14) -> 0 | I14: =H14/3 -> 0 | J14: =C14*D14 -> 0
A15: 8 | C15: 0 | D15: 0 | E15: 0 | F15: =((C15+D15)*2)-E15 -> 0 | G15: =IF(F15>0,$F$2,0) -> 0 | H15: =IF(G15=0,0,(D15/G15)*C15) -> 0 | I15: =H15/3 -> 0 | J15: =C15*D15 -> 0
A16: 9 | C16: 0 | D16: 0 | E16: 0 | F16: =((C16+D16)*2)-E16 -> 0 | G16: =IF(F16>0,$F$2,0) -> 0 | H16: =IF(G16=0,0,(D16/G16)*C16) -> 0 | I16: =H16/3 -> 0 | J16: =C16*D16 -> 0
A17: 10 | C17: 0 | D17: 0 | E17: 0 | F17: =((C17+D17)*2)-E17 -> 0 | G17: =IF(F17>0,$F$2,0) -> 0 | H17: =IF(G17=0,0,(D17/G17)*C17) -> 0 | I17: =H17/3 -> 0 | J17: =C17*D17 -> 0
A18: 11 | C18: 0 | D18: 0 | E18: 0 | F18: =((C18+D18)*2)-E18 -> 0 | G18: =IF(F18>0,$F$2,0) -> 0 | H18: =IF(G18=0,0,(D18/G18)*C18) -> 0 | I18: =H18/3 -> 0 | J18: =C18*D18 -> 0
A19: 12 | C19: 0 | D19: 0 | E19: 0 | F19: =((C19+D19)*2)-E19 -> 0 | G19: =IF(F19>0,$F$2,0) -> 0 | H19: =IF(G19=0,0,(D19/G19)*C19) -> 0 | I19: =H19/3 -> 0 | J19: =C19*D19 -> 0
... A24: 17 | C24: 0 | D24: 0 | E24: 0 | F24: =((C24+D24)*2)-E24 -> 0 | G24: =IF(F24>0,$F$2,0) -> 0 | H24: =IF(G24=0,0,(D24/G24)*C24) -> 0 | I24: =H24/3 -> 0 | J24: =C24*D24 -> 0

Sheet Tab9
A2: Emp.: | B2: ='Tab Geral'!B1 -> Antares Engenharia Ltda | E2: Espçto | F2: 0.48 | I2: Pav. | J2: Total
A3: Obr.: | B3: ='Tab Geral'!B2 -> Comfort Tag Flat | E3: Coef. | F3: 0.05 | H3: Área | I3: =SUM(J8:J47)*(1+1*$F$3)*F5 -> 0 | J3: =I3*$F$4 -> 0
A4: Loc.: | B4: Corredor | E4: Qtd. Pav. | F4: 1 | H4: Guias | I4: =SUM(F8:F47)*(1+1*$F$3)*F5 -> 0 | J4: =I4*$F$4 -> 0
E5: Qtd. Und. | F5: 1 | H5: F47 | I5: =SUM(H8:H47)*(1+1*$F$3)*F5 -> 0 | J5: =I5*$F$4 -> 0
C6: ll F47 | D6: T F47 | H6: F47
A7: # | B7: Local | C7: Lado1 | D7: Lado2 | E7: Subtr. | F7: Perimetro | G7: Spc | H7: ml | I7: unid. | J7: Área
A8: 1 | C8: 0 | D8: 0 | E8: 0 | F8: =((C8+D8)*2)-E8 -> 0 | G8: =IF(F8>0,$F$2,0) -> 0 | H8: =IF(G8=0,0,(D8/G8)*C8) -> 0 | I8: =H8/3 -> 0 | J8: =C8*D8 -> 0
A9: 2 | C9: 0 | D9: 0 | E9: 0 | F9: =((C9+D9)*2)-E9 -> 0 | G9: =IF(F9>0,$F$2,0) -> 0 | H9: =IF(G9=0,0,(D9/G9)*C9) -> 0 | I9: =H9/3 -> 0 | J9: =C9*D9 -> 0
A10: 3 | C10: 0 | D10: 0 | E10: 0 | F10: =((C10+D10)*2)-E10 -> 0 | G10: =IF(F10>0,$F$2,0) -> 0 | H10: =IF(G10=0,0,(D10/G10)*C10) -> 0 | I10: =H10/3 -> 0 | J10: =C10*D10 -> 0
A11: 4 | C11: 0 | D11: 0 | E11: 0 | F11: =((C11+D11)*2)-E11 -> 0 | G11: =IF(F11>0,$F$2,0) -> 0 | H11: =IF(G11=0,0,(D11/G11)*C11) -> 0 | I11: =H11/3 -> 0 | J11: =C11*D11 -> 0
A12: 5 | C12: 0 | D12: 0 | E12: 0 | F12: =((C12+D12)*2)-E12 -> 0 | G12: =IF(F12>0,$F$2,0) -> 0 | H12: =IF(G12=0,0,(D12/G12)*C12) -> 0 | I12: =H12/3 -> 0 | J12: =C12*D12 -> 0
A13: 6 | C13: 0 | D13: 0 | E13: 0 | F13: =((C13+D13)*2)-E13 -> 0 | G13: =IF(F13>0,$F$2,0) -> 0 | H13: =IF(G13=0,0,(D13/G13)*C13) -> 0 | I13: =H13/3 -> 0 | J13: =C13*D13 -> 0
A14: 7 | C14: 0 | D14: 0 | E14: 0 | F14: =((C14+D14)*2)-E14 -> 0 | G14: =IF(F14>0,$F$2,0) -> 0 | H14: =IF(G14=0,0,(D14/G14)*C14) -> 0 | I14: =H14/3 -> 0 | J14: =C14*D14 -> 0
A15: 8 | C15: 0 | D15: 0 | E15: 0 | F15: =((C15+D15)*2)-E15 -> 0 | G15: =IF(F15>0,$F$2,0) -> 0 | H15: =IF(G15=0,0,(D15/G15)*C15) -> 0 | I15: =H15/3 -> 0 | J15: =C15*D15 -> 0
A16: 9 | C16: 0 | D16: 0 | E16: 0 | F16: =((C16+D16)*2)-E16 -> 0 | G16: =IF(F16>0,$F$2,0) -> 0 | H16: =IF(G16=0,0,(D16/G16)*C16) -> 0 | I16: =H16/3 -> 0 | J16: =C16*D16 -> 0
A17: 10 | C17: 0 | D17: 0 | E17: 0 | F17: =((C17+D17)*2)-E17 -> 0 | G17: =IF(F17>0,$F$2,0) -> 0 | H17: =IF(G17=0,0,(D17/G17)*C17) -> 0 | I17: =H17/3 -> 0 | J17: =C17*D17 -> 0
A18: 11 | C18: 0 | D18: 0 | E18: 0 | F18: =((C18+D18)*2)-E18 -> 0 | G18: =IF(F18>0,$F$2,0) -> 0 | H18: =IF(G18=0,0,(D18/G18)*C18) -> 0 | I18: =H18/3 -> 0 | J18: =C18*D18 -> 0
A19: 12 | C19: 0 | D19: 0 | E19: 0 | F19: =((C19+D19)*2)-E19 -> 0 | G19: =IF(F19>0,$F$2,0) -> 0 | H19: =IF(G19=0,0,(D19/G19)*C19) -> 0 | I19: =H19/3 -> 0 | J19: =C19*D19 -> 0
... A24: 17 | C24: 0 | D24: 0 | E24: 0 | F24: =((C24+D24)*2)-E24 -> 0 | G24: =IF(F24>0,$F$2,0) -> 0 | H24: =IF(G24=0,0,(D24/G24)*C24) -> 0 | I24: =H24/3 -> 0 | J24: =C24*D24 -> 0

Sheet Tab10
A2: Emp.: | B2: Via Empreendimentos | E2: Espçto | F2: 0.48 | I2: Pav. | J2: Total
A3: Obr.: | B3: Corpo de Bombeiros | E3: Coef. | F3: 0 | H3: Área | I3: =SUM(J8:J47)*(1+1*$F$3)*F5 -> 88.2477 | J3: =I3*$F$4 -> 88.2477
A4: Loc.: | B4: Corredor | E4: Qtd. Pav. | F4: 1 | H4: Guias | I4: =SUM(F8:F47)*(1+1*$F$3)*F5 -> 76.3 | J4: =I4*$F$4 -> 76.3
E5: Qtd. Und. | F5: 1 | H5: F47 | I5: =SUM(H8:H47)*(1+1*$F$3)*F5 -> 272.09708 | J5: =I5*$F$4 -> 272.09708
C6: ll F47 | D6: T F47 | H6: F47
A7: # | B7: Local | C7: Lado1 | D7: Lado2 | E7: Subtr. | F7: Perimetro | G7: Spc | H7: ml | I7: unid. | J7: Área
A8: 1 | C8: 8.4 | D8: 6 | E8: 0 | F8: =((C8+D8)*2)-E8 -> 28.8 | G8: =IF(F8>0,$F$2,0) -> 0.48 | H8: =IF(G8=0,0,((C8/1)*D8)+((D8/G8)*C8)) -> 155.4 | I8: =H8/3 -> 51.8 | J8: =C8*D8 -> 50.4
A9: 2 | C9: 4.25 | D9: 2.95 | E9: 0 | F9: =((C9+D9)*2)-E9 -> 14.4 | G9: =IF(F9>0,$F$2,0) -> 0.48 | H9: =IF(G9=0,0,((C9/1)*D9)+((D9/G9)*C9)) -> 38.657292 | I9: =H9/3 -> 12.885764 | J9: =C9*D9 -> 12.5375
A10: 3 | C10: 2.17 | D10: 2.03 | E10: 0 | F10: =((C10+D10)*2)-E10 -> 8.4 | G10: =IF(F10>0,$F$2,0) -> 0.48 | H10: =IF(G10=0,0,((C10/1)*D10)+((D10/G10)*C10)) -> 13.582392 | I10: =H10/3 -> 4.5274639 | J10: =C10*D10 -> 4.4051
A11: 4 | C11: 2.17 | D11: 2.03 | E11: 0 | F11: =((C11+D11)*2)-E11 -> 8.4 | G11: =IF(F11>0,$F$2,0) -> 0.48 | H11: =IF(G11=0,0,((C11/1)*D11)+((D11/G11)*C11)) -> 13.582392 | I11: =H11/3 -> 4.5274639 | J11: =C11*D11 -> 4.4051
A12: 5 | C12: 4.4 | D12: 3.75 | E12: 0 | F12: =((C12+D12)*2)-E12 -> 16.3 | G12: =IF(F12>0,$F$2,0) -> 0.48 | H12: =IF(G12=0,0,((C12/1)*D12)+((D12/G12)*C12)) -> 50.875 | I12: =H12/3 -> 16.958333 | J12: =C12*D12 -> 16.5
A13: 6 | C13: 0 | D13: 0 | E13: 0 | F13: =((C13+D13)*2)-E13 -> 0 | G13: =IF(F13>0,$F$2,0) -> 0 | H13: =IF(G13=0,0,((C13/1)*D13)+((D13/G13)*C13)) -> 0 | I13: =H13/3 -> 0 | J13: =C13*D13 -> 0
A14: 7 | C14: 0 | D14: 0 | E14: 0 | F14: =((C14+D14)*2)-E14 -> 0 | G14: =IF(F14>0,$F$2,0) -> 0 | H14: =IF(G14=0,0,((C14/1)*D14)+((D14/G14)*C14)) -> 0 | I14: =H14/3 -> 0 | J14: =C14*D14 -> 0
A15: 8 | C15: 0 | D15: 0 | E15: 0 | F15: =((C15+D15)*2)-E15 -> 0 | G15: =IF(F15>0,$F$2,0) -> 0 | H15: =IF(G15=0,0,((C15/1)*D15)+((D15/G15)*C15)) -> 0 | I15: =H15/3 -> 0 | J15: =C15*D15 -> 0
A16: 9 | C16: 0 | D16: 0 | E16: 0 | F16: =((C16+D16)*2)-E16 -> 0 | G16: =IF(F16>0,$F$2,0) -> 0 | H16: =IF(G16=0,0,((C16/1)*D16)+((D16/G16)*C16)) -> 0 | I16: =H16/3 -> 0 | J16: =C16*D16 -> 0
A17: 10 | C17: 0 | D17: 0 | E17: 0 | F17: =((C17+D17)*2)-E17 -> 0 | G17: =IF(F17>0,$F$2,0) -> 0 | H17: =IF(G17=0,0,((C17/1)*D17)+((D17/G17)*C17)) -> 0 | I17: =H17/3 -> 0 | J17: =C17*D17 -> 0
A18: 11 | C18: 0 | D18: 0 | E18: 0 | F18: =((C18+D18)*2)-E18 -> 0 | G18: =IF(F18>0,$F$2,0) -> 0 | H18: =IF(G18=0,0,((C18/1)*D18)+((D18/G18)*C18)) -> 0 | I18: =H18/3 -> 0 | J18: =C18*D18 -> 0
A19: 12 | C19: 0 | D19: 0 | E19: 0 | F19: =((C19+D19)*2)-E19 -> 0 | G19: =IF(F19>0,$F$2,0) -> 0 | H19: =IF(G19=0,0,((C19/1)*D19)+((D19/G19)*C19)) -> 0 | I19: =H19/3 -> 0 | J19: =C19*D19 -> 0
... A24: 17 | C24: 0 | D24: 0 | E24: 0 | F24: =((C24+D24)*2)-E24 -> 0 | G24: =IF(F24>0,$F$2,0) -> 0 | H24: =IF(G24=0,0,((C24/1)*D24)+((D24/G24)*C24)) -> 0 | I24: =H24/3 -> 0 | J24: =C24*D24 -> 0

Sheet Preço
A1: TOTAL M² | B1: Chapa | C1: Guia | D1: F47 | E1: Tirante | F1: Sp. Niv. | G1: T25 | H1: MM | I1: Massa | J1: Fita
A2: ='Tab Geral'!B8 -> 602.6802 | B2: (m2) | C2: (ml) | D2: (ml) | E2: (und) | F2: (und) | G2: (und) | H2: (und) | I2: (kg) | J2: (ml)
A3: Quat. Metro | B3: ='Tab Geral'!B8 -> 602.6802 | C3: ='Tab Geral'!C8 -> 550.12 | D3: ='Tab Geral'!D8 -> 1457.5231 | E3: ='Tab Geral'!E8 -> 1217.414 | F3: ='Tab Geral'!F8 -> 1217.414 | G3: ='Tab Geral'!G8/1000 -> 9.040203 | H3: ='Tab Geral'!H8 -> 180.80406 | I3: ='Tab Geral'!I8/20 -> 13.560305 | J3: ='Tab Geral'!J8/150 -> 5.6250152 | K3: ='Tab Geral'!K8/150 -> 0
A4: R$ Unit. | B4: 7.6 | C4: 1.54 | D4: 1.61 | E4: 0.38 | F4: 0.86 | G4: 24.81 | H4: 0.38 | I4: 30.43 | J4: 15.55
A5: Total (R$) | B5: =B3*B4 -> 4580.3695 | C5: =C3*C4 -> 847.1848 | D5: =D3*D4 -> 2346.6122 | E5: =E3*E4 -> 462.61732 | F5: =F3*F4 -> 1046.976 | G5: =G3*G4 -> 224.28744 | H5: =H3*H4 -> 68.705543 | I5: =I3*I4 -> 412.64007 | J5: =J3*J4 -> 87.468986
A7: Total Geral | B7: =SUM(B5:J5) -> 10076.862
A8: TOTAL (R$/m) | B8: =B7/A2 -> 16.720081
